Timestamp,Temperature
2024-07-25 10:06:21,55.3698425
2024-07-25 10:06:22,55.3714332
2024-07-25 10:06:23,55.3610801
2024-07-25 10:06:24,55.3667602
2024-07-25 10:06:25,55.3842353
2024-07-25 10:06:26,55.3804931
2024-07-25 10:06:28,55.3935928
2024-07-25 10:06:29,55.3890991
2024-07-25 10:06:30,55.3601646
2024-07-25 10:06:31,55.3790817
2024-07-25 10:06:32,55.3883209
2024-07-25 10:06:33,55.3773612
2024-07-25 10:06:35,55.4271202
2024-07-25 10:06:36,55.4409561
2024-07-25 10:06:37,55.6403732
2024-07-25 10:06:38,55.7704505
2024-07-25 10:06:39,55.9338378
2024-07-25 10:06:40,56.1225357
2024-07-25 10:06:42,56.3113327
2024-07-25 10:06:43,56.4882469
2024-07-25 10:06:44,56.6481781
2024-07-25 10:06:45,56.8041267
2024-07-25 10:06:46,56.9337654
2024-07-25 10:06:47,57.0437736
2024-07-25 10:06:49,57.1407241
2024-07-25 10:06:50,57.2307281
2024-07-25 10:06:51,57.3165206
2024-07-25 10:06:52,57.378273
2024-07-25 10:06:53,57.4449462
2024-07-25 10:06:54,57.5026473
2024-07-25 10:06:56,57.5422744
2024-07-25 10:06:57,57.597351
2024-07-25 10:06:58,57.6417846
2024-07-25 10:06:59,57.680561
2024-07-25 10:07:00,57.7209167
2024-07-25 10:07:01,57.7496566
2024-07-25 10:07:03,57.7795104
2024-07-25 10:07:04,57.8354873
2024-07-25 10:07:05,57.8674049
2024-07-25 10:07:06,57.9053421
2024-07-25 10:07:07,57.9308319
2024-07-25 10:07:08,57.9626541
2024-07-25 10:07:10,57.9888534
2024-07-25 10:07:11,57.9994888
2024-07-25 10:07:12,58.0286178
2024-07-25 10:07:13,58.0582199
2024-07-25 10:07:14,58.0742454
2024-07-25 10:07:16,58.0864105
2024-07-25 10:07:17,58.0962944
2024-07-25 10:07:18,58.1267547
2024-07-25 10:07:19,58.151493
2024-07-25 10:07:20,58.1663093
2024-07-25 10:07:21,58.1899604
2024-07-25 10:07:23,58.204113
2024-07-25 10:07:24,58.2277832
2024-07-25 10:07:25,58.2378921
2024-07-25 10:07:26,58.2539024
2024-07-25 10:07:27,58.2583961
2024-07-25 10:07:28,58.2889938
2024-07-25 10:07:30,58.3189659
2024-07-25 10:07:31,58.3185844
2024-07-25 10:07:32,58.336029
2024-07-25 10:07:33,58.3624496
2024-07-25 10:07:34,58.3710479
2024-07-25 10:07:35,58.3906669
2024-07-25 10:07:37,58.4095573
2024-07-25 10:07:38,58.4151916
2024-07-25 10:07:39,58.4436607
2024-07-25 10:07:40,58.448246
2024-07-25 10:07:41,58.4739913
2024-07-25 10:07:42,58.4980354
2024-07-25 10:07:44,58.5083274
2024-07-25 10:07:45,58.528099
2024-07-25 10:07:46,58.5403442
2024-07-25 10:07:47,58.5563354
2024-07-25 10:07:48,58.5667076
2024-07-25 10:07:49,58.5718116
2024-07-25 10:07:51,58.5806579
2024-07-25 10:07:52,58.5995864
2024-07-25 10:07:53,58.6142921
2024-07-25 10:07:54,58.6304283
2024-07-25 10:07:55,58.635971
2024-07-25 10:07:56,58.6636352
2024-07-25 10:07:58,58.6787261
2024-07-25 10:07:59,58.6897125
2024-07-25 10:08:00,58.710884
2024-07-25 10:08:01,58.7216262
2024-07-25 10:08:02,58.7517356
2024-07-25 10:08:03,58.7511596
2024-07-25 10:08:05,58.7656478
2024-07-25 10:08:06,58.7613868
2024-07-25 10:08:07,58.7754554
2024-07-25 10:08:08,58.8051414
2024-07-25 10:08:09,58.7994766
2024-07-25 10:08:10,58.8088493
2024-07-25 10:08:12,58.8210296
2024-07-25 10:08:13,58.8408241
2024-07-25 10:08:14,58.8412322
2024-07-25 10:08:15,58.8569908
2024-07-25 10:08:16,58.8653869
2024-07-25 10:08:17,58.8901329
2024-07-25 10:08:19,58.8963699
2024-07-25 10:08:20,58.9073104
2024-07-25 10:08:21,58.922409
2024-07-25 10:08:22,58.9249916
2024-07-25 10:08:23,58.9409561
2024-07-25 10:08:25,58.9523124
2024-07-25 10:08:26,58.9568557
2024-07-25 10:08:27,58.9642982
2024-07-25 10:08:28,58.9725379
2024-07-25 10:08:29,58.9775619
2024-07-25 10:08:30,58.9989395
2024-07-25 10:08:32,59.0079841
2024-07-25 10:08:33,59.0152702
2024-07-25 10:08:34,59.0215415
2024-07-25 10:08:35,59.0415229
2024-07-25 10:08:36,59.0422744
2024-07-25 10:08:37,59.0583724
2024-07-25 10:08:39,59.0645866
2024-07-25 10:08:40,59.0865249
2024-07-25 10:08:41,59.095726
2024-07-25 10:08:42,59.1006164
2024-07-25 10:08:43,59.1222381
2024-07-25 10:08:44,59.1255607
2024-07-25 10:08:46,59.127777
2024-07-25 10:08:47,59.1251411
2024-07-25 10:08:48,59.1377754
2024-07-25 10:08:49,59.1432723
2024-07-25 10:08:50,59.1603202
2024-07-25 10:08:51,59.1534843
2024-07-25 10:08:53,59.1450119
2024-07-25 10:08:54,59.165615
2024-07-25 10:08:55,59.1595802
2024-07-25 10:08:56,59.1630706
2024-07-25 10:08:57,59.1754035
2024-07-25 10:08:58,59.1864852
2024-07-25 10:09:00,59.2066688
2024-07-25 10:09:01,59.2143745
2024-07-25 10:09:02,59.2314186
2024-07-25 10:09:03,59.2317047
2024-07-25 10:09:04,59.2564735
2024-07-25 10:09:05,59.2511253
2024-07-25 10:09:07,59.2654228
2024-07-25 10:09:08,59.2664108
2024-07-25 10:09:09,59.2810249
2024-07-25 10:09:10,59.2761077
2024-07-25 10:09:11,59.275875
2024-07-25 10:09:12,59.2806167
2024-07-25 10:09:14,59.2822151
2024-07-25 10:09:15,59.3033447
2024-07-25 10:09:16,59.3112487
2024-07-25 10:09:17,59.3213615
2024-07-25 10:09:18,59.3136825
2024-07-25 10:09:19,59.3353843
2024-07-25 10:09:21,59.326229
2024-07-25 10:09:22,59.3356399
2024-07-25 10:09:23,59.3592872
2024-07-25 10:09:24,59.3702621
2024-07-25 10:09:25,59.3702659
2024-07-25 10:09:26,59.3715591
2024-07-25 10:09:28,59.3791351
2024-07-25 10:09:29,59.3745384
2024-07-25 10:09:30,59.3862075
2024-07-25 10:09:31,59.379467
2024-07-25 10:09:32,59.3892288
2024-07-25 10:09:34,59.3832817
2024-07-25 10:09:35,59.3900909
2024-07-25 10:09:36,59.3871688
2024-07-25 10:09:37,59.3915214
2024-07-25 10:09:38,59.391159
2024-07-25 10:09:39,59.4002914
2024-07-25 10:09:41,59.4129257
2024-07-25 10:09:42,59.4049835
2024-07-25 10:09:43,59.407463
2024-07-25 10:09:44,59.3968505
2024-07-25 10:09:45,59.4262695
2024-07-25 10:09:46,59.4365997
2024-07-25 10:09:48,59.4383049
2024-07-25 10:09:49,59.4372215
2024-07-25 10:09:50,59.4381637
2024-07-25 10:09:51,59.4462623
2024-07-25 10:09:52,59.4519119
2024-07-25 10:09:53,59.4538574
2024-07-25 10:09:55,59.4562187
2024-07-25 10:09:56,59.4717063
2024-07-25 10:09:57,59.4767799
2024-07-25 10:09:58,59.4648208
2024-07-25 10:09:59,59.4746627
2024-07-25 10:10:00,59.4766578
2024-07-25 10:10:02,59.4859886
2024-07-25 10:10:03,59.4965095
2024-07-25 10:10:04,59.5008697
2024-07-25 10:10:05,59.4999923
2024-07-25 10:10:06,59.5032539
2024-07-25 10:10:07,59.5144996
2024-07-25 10:10:09,59.5239067
2024-07-25 10:10:10,59.5190887
2024-07-25 10:10:11,59.5265388
2024-07-25 10:10:12,59.5384826
2024-07-25 10:10:13,59.5258064
2024-07-25 10:10:14,59.525608
2024-07-25 10:10:16,59.5122299
2024-07-25 10:10:17,59.5227394
2024-07-25 10:10:18,59.5306701
2024-07-25 10:10:19,59.5302848
2024-07-25 10:10:20,59.5373573
2024-07-25 10:10:21,59.5346183
2024-07-25 10:10:23,59.5276794
2024-07-25 10:10:24,59.534275
2024-07-25 10:10:25,59.537815
2024-07-25 10:10:26,59.5373039
2024-07-25 10:10:27,59.540348
2024-07-25 10:10:28,59.5420532
2024-07-25 10:10:30,59.5515365
2024-07-25 10:10:31,59.5455703
2024-07-25 10:10:32,59.5523452
2024-07-25 10:10:33,59.5486869
2024-07-25 10:10:34,59.5651702
2024-07-25 10:10:36,59.5597724
2024-07-25 10:10:37,59.5740509
2024-07-25 10:10:38,59.5647201
2024-07-25 10:10:39,59.5738906
2024-07-25 10:10:40,59.5783271
2024-07-25 10:10:41,59.5890235
2024-07-25 10:10:43,59.5749092
2024-07-25 10:10:44,59.5795173
2024-07-25 10:10:45,59.5745773
2024-07-25 10:10:46,59.5750427
2024-07-25 10:10:47,59.5677528
2024-07-25 10:10:48,59.5662384
2024-07-25 10:10:50,59.5676841
2024-07-25 10:10:51,59.5730628
2024-07-25 10:10:52,59.5715293
2024-07-25 10:10:53,59.5743598
2024-07-25 10:10:54,59.571186
2024-07-25 10:10:55,59.56287
2024-07-25 10:10:57,59.5715408
2024-07-25 10:10:58,59.5699844
2024-07-25 10:10:59,59.5719795
2024-07-25 10:11:00,59.5799598
2024-07-25 10:11:01,59.5832405
2024-07-25 10:11:02,59.5777091
2024-07-25 10:11:04,59.5846443
2024-07-25 10:11:05,59.5833168
2024-07-25 10:11:06,59.570652
2024-07-25 10:11:07,59.5775794
2024-07-25 10:11:08,59.575283
2024-07-25 10:11:09,59.5873565
2024-07-25 10:11:11,59.5865554
2024-07-25 10:11:12,59.5806427
2024-07-25 10:11:13,59.5770416
2024-07-25 10:11:14,59.5880966
2024-07-25 10:11:15,59.5856323
2024-07-25 10:11:16,59.583786
2024-07-25 10:11:18,59.5855026
2024-07-25 10:11:19,59.5946617
2024-07-25 10:11:20,59.5889778
2024-07-25 10:11:21,59.5974121
2024-07-25 10:11:22,59.6029434
2024-07-25 10:11:24,59.602848
2024-07-25 10:11:25,59.6003608
2024-07-25 10:11:26,59.6024322
2024-07-25 10:11:27,59.5977439
2024-07-25 10:11:28,59.5925254
2024-07-25 10:11:29,59.5801887
2024-07-25 10:11:31,59.5906715
2024-07-25 10:11:32,59.5848808
2024-07-25 10:11:33,59.5864868
2024-07-25 10:11:34,59.5687675
2024-07-25 10:11:35,59.583126
2024-07-25 10:11:36,59.5706443
2024-07-25 10:11:38,59.5742073
2024-07-25 10:11:39,59.5708236
2024-07-25 10:11:40,59.5822372
2024-07-25 10:11:41,59.5734672
2024-07-25 10:11:42,59.5736007
2024-07-25 10:11:43,59.5820808
2024-07-25 10:11:45,59.5715637
2024-07-25 10:11:46,59.5758781
2024-07-25 10:11:47,59.5713348
2024-07-25 10:11:48,59.5691795
2024-07-25 10:11:49,59.5685195
2024-07-25 10:11:50,59.5720977
2024-07-25 10:11:52,59.5539474
2024-07-25 10:11:53,59.5510063
2024-07-25 10:11:54,59.5471153
2024-07-25 10:11:55,59.5525817
2024-07-25 10:11:56,59.550949
2024-07-25 10:11:57,59.5607833
2024-07-25 10:11:59,59.5564842
2024-07-25 10:12:00,59.555294
2024-07-25 10:12:01,59.5585021
2024-07-25 10:12:02,59.5531272
2024-07-25 10:12:03,59.5424003
2024-07-25 10:12:04,59.5480079
2024-07-25 10:12:06,59.5453987
2024-07-25 10:12:07,59.5446815
2024-07-25 10:12:08,59.5292472
2024-07-25 10:12:09,59.5303955
2024-07-25 10:12:10,59.5422439
2024-07-25 10:12:11,59.5186538
2024-07-25 10:12:13,59.5272598
2024-07-25 10:12:14,59.5325622
2024-07-25 10:12:15,59.5230827
2024-07-25 10:12:16,59.5255508
2024-07-25 10:12:17,59.5313911
2024-07-25 10:12:18,59.5271911
2024-07-25 10:12:20,59.5200538
2024-07-25 10:12:21,59.5154113
2024-07-25 10:12:22,59.5159988
2024-07-25 10:12:23,59.5067825
2024-07-25 10:12:24,59.5032691
2024-07-25 10:12:25,59.5164642
2024-07-25 10:12:27,59.520153
2024-07-25 10:12:28,59.5179977
2024-07-25 10:12:29,59.5033569
2024-07-25 10:12:30,59.5046577
2024-07-25 10:12:31,59.5110206
2024-07-25 10:12:33,59.5080566
2024-07-25 10:12:34,59.5016212
2024-07-25 10:12:35,59.4847564
2024-07-25 10:12:36,59.4805107
2024-07-25 10:12:37,59.4877967
2024-07-25 10:12:38,59.4912414
2024-07-25 10:12:40,59.4814529
2024-07-25 10:12:41,59.4816741
2024-07-25 10:12:42,59.4676589
2024-07-25 10:12:43,59.4780883
2024-07-25 10:12:44,59.4898719
2024-07-25 10:12:45,59.4816246
2024-07-25 10:12:47,59.4765815
2024-07-25 10:12:48,59.4869728
2024-07-25 10:12:49,59.4894638
2024-07-25 10:12:50,59.4804763
2024-07-25 10:12:51,59.4809761
2024-07-25 10:12:52,59.4820899
2024-07-25 10:12:54,59.4872016
2024-07-25 10:12:55,59.4803276
2024-07-25 10:12:56,59.4831962
2024-07-25 10:12:57,59.4775047
2024-07-25 10:12:58,59.4721031
2024-07-25 10:12:59,59.4668464
2024-07-25 10:13:01,59.4562644
2024-07-25 10:13:02,59.4535865
2024-07-25 10:13:03,59.4619102
2024-07-25 10:13:04,59.4467391
2024-07-25 10:13:05,59.4607048
2024-07-25 10:13:06,59.4604454
2024-07-25 10:13:08,59.452629
2024-07-25 10:13:09,59.4547348
2024-07-25 10:13:10,59.4485664
2024-07-25 10:13:11,59.44178
2024-07-25 10:13:12,59.4440917
2024-07-25 10:13:13,59.4451293
2024-07-25 10:13:15,59.4454956
2024-07-25 10:13:16,59.4368362
2024-07-25 10:13:17,59.437973
2024-07-25 10:13:18,59.4437713
2024-07-25 10:13:19,59.4403152
2024-07-25 10:13:20,59.4344711
2024-07-25 10:13:22,59.4269561
2024-07-25 10:13:23,59.4024124
2024-07-25 10:13:24,59.3966979
2024-07-25 10:13:25,59.3983154
2024-07-25 10:13:26,59.395256
2024-07-25 10:13:28,59.3968086
2024-07-25 10:13:29,59.3876991
2024-07-25 10:13:30,59.396389
2024-07-25 10:13:31,59.3960685
2024-07-25 10:13:32,59.4031066
2024-07-25 10:13:33,59.4041328
2024-07-25 10:13:35,59.3934097
2024-07-25 10:13:36,59.3936882
2024-07-25 10:13:37,59.4035682
2024-07-25 10:13:38,59.3954925
2024-07-25 10:13:39,59.3929481
2024-07-25 10:13:40,59.3953857
2024-07-25 10:13:42,59.3841133
2024-07-25 10:13:43,59.387207
2024-07-25 10:13:44,59.3829574
2024-07-25 10:13:45,59.3726463
2024-07-25 10:13:46,59.3644561
2024-07-25 10:13:47,59.3599739
2024-07-25 10:13:49,59.3490791
2024-07-25 10:13:50,59.350666
2024-07-25 10:13:51,59.345211
2024-07-25 10:13:52,59.3426666
2024-07-25 10:13:53,59.3488922
2024-07-25 10:13:54,59.346939
2024-07-25 10:13:56,59.3419685
2024-07-25 10:13:57,59.3391761
2024-07-25 10:13:58,59.3452224
2024-07-25 10:13:59,59.3300209
2024-07-25 10:14:00,59.3261718
2024-07-25 10:14:01,59.3399238
2024-07-25 10:14:03,59.3258056
2024-07-25 10:14:04,59.3165855
2024-07-25 10:14:05,59.3152046
2024-07-25 10:14:06,59.3143463
2024-07-25 10:14:07,59.304634
2024-07-25 10:14:08,59.2955513
2024-07-25 10:14:10,59.2884597
2024-07-25 10:14:11,59.2763404
2024-07-25 10:14:12,59.2694625
2024-07-25 10:14:13,59.264698
2024-07-25 10:14:14,59.2568778
2024-07-25 10:14:15,59.2601966
2024-07-25 10:14:17,59.2622566
2024-07-25 10:14:18,59.2540664
2024-07-25 10:14:19,59.2535934
2024-07-25 10:14:20,59.2541961
2024-07-25 10:14:21,59.2253761
2024-07-25 10:14:22,59.2255973
2024-07-25 10:14:24,59.2237777
2024-07-25 10:14:25,59.2210731
2024-07-25 10:14:26,59.2131729
2024-07-25 10:14:27,59.2205886
2024-07-25 10:14:28,59.20261
2024-07-25 10:14:30,59.1896781
2024-07-25 10:14:31,59.1848068
2024-07-25 10:14:32,59.1829795
2024-07-25 10:14:33,59.1829643
2024-07-25 10:14:34,59.1842384
2024-07-25 10:14:35,59.1843223
2024-07-25 10:14:37,59.1759185
2024-07-25 10:14:38,59.178009
2024-07-25 10:14:39,59.1789207
2024-07-25 10:14:40,59.1628723
2024-07-25 10:14:41,59.1619606
2024-07-25 10:14:42,59.1469841
2024-07-25 10:14:44,59.1505508
2024-07-25 10:14:45,59.1469268
2024-07-25 10:14:46,59.139141
2024-07-25 10:14:47,59.1456565
2024-07-25 10:14:48,59.1397972
2024-07-25 10:14:49,59.1290359
2024-07-25 10:14:51,59.1254425
2024-07-25 10:14:52,59.1244239
2024-07-25 10:14:53,59.1251869
2024-07-25 10:14:54,59.124031
2024-07-25 10:14:55,59.1121177
2024-07-25 10:14:56,59.1129646
2024-07-25 10:14:58,59.1058349
2024-07-25 10:14:59,59.1008338
2024-07-25 10:15:00,59.0896987
2024-07-25 10:15:01,59.0918769
2024-07-25 10:15:02,59.0835609
2024-07-25 10:15:03,59.0900115
2024-07-25 10:15:05,59.0946426
2024-07-25 10:15:06,59.081726
2024-07-25 10:15:07,59.0775146
2024-07-25 10:15:08,59.072586
2024-07-25 10:15:09,59.0605468
2024-07-25 10:15:10,59.056385
2024-07-25 10:15:12,59.0623703
2024-07-25 10:15:13,59.0494346
2024-07-25 10:15:14,59.044979
2024-07-25 10:15:15,59.0449829
2024-07-25 10:15:16,59.0566062
2024-07-25 10:15:17,59.0337867
2024-07-25 10:15:19,59.0427322
2024-07-25 10:15:20,59.0363998
2024-07-25 10:15:21,59.0432891
2024-07-25 10:15:22,59.0282058
2024-07-25 10:15:23,59.0211563
2024-07-25 10:15:25,59.0223541
2024-07-25 10:15:26,59.016468
2024-07-25 10:15:27,59.0004158
2024-07-25 10:15:28,58.9963874
2024-07-25 10:15:29,58.9864158
2024-07-25 10:15:30,58.9848289
2024-07-25 10:15:32,58.9720954
2024-07-25 10:15:33,58.9785842
2024-07-25 10:15:34,58.9552726
2024-07-25 10:15:35,58.9660987
2024-07-25 10:15:36,58.9639625
2024-07-25 10:15:37,58.9618682
2024-07-25 10:15:39,58.9497642
2024-07-25 10:15:40,58.9544868
2024-07-25 10:15:41,58.945301
2024-07-25 10:15:42,58.9521942
2024-07-25 10:15:43,58.9442443
2024-07-25 10:15:44,58.9429092
2024-07-25 10:15:46,58.9450149
2024-07-25 10:15:47,58.9295082
2024-07-25 10:15:48,58.9246711
2024-07-25 10:15:49,58.9198989
2024-07-25 10:15:50,58.9193992
2024-07-25 10:15:51,58.9159164
2024-07-25 10:15:53,58.8975601
2024-07-25 10:15:54,58.889038
2024-07-25 10:15:55,58.8898277
2024-07-25 10:15:56,58.8911209
2024-07-25 10:15:57,58.8800506
2024-07-25 10:15:58,58.8851966
2024-07-25 10:16:00,58.8728408
2024-07-25 10:16:01,58.8816032
2024-07-25 10:16:02,58.867733
2024-07-25 10:16:03,58.8702583
2024-07-25 10:16:04,58.8714828
2024-07-25 10:16:05,58.873722
2024-07-25 10:16:07,58.870552
2024-07-25 10:16:08,58.8756103
2024-07-25 10:16:09,58.8716964
2024-07-25 10:16:10,58.8620681
2024-07-25 10:16:11,58.8595314
2024-07-25 10:16:12,58.8578948
2024-07-25 10:16:14,58.8435974
2024-07-25 10:16:15,58.8359909
2024-07-25 10:16:16,58.8276252
2024-07-25 10:16:17,58.8296585
2024-07-25 10:16:18,58.8204116
2024-07-25 10:16:19,58.8202934
2024-07-25 10:16:21,58.8185729
2024-07-25 10:16:22,58.8153877
2024-07-25 10:16:23,58.8102951
2024-07-25 10:16:24,58.8121185
2024-07-25 10:16:25,58.8018608
2024-07-25 10:16:27,58.7978172
2024-07-25 10:16:28,58.7859992
2024-07-25 10:16:29,58.7897911
2024-07-25 10:16:30,58.7948646
2024-07-25 10:16:31,58.7913627
2024-07-25 10:16:32,58.7810325
2024-07-25 10:16:34,58.766098
2024-07-25 10:16:35,58.7643966
2024-07-25 10:16:36,58.7472572
2024-07-25 10:16:37,58.7434272
2024-07-25 10:16:38,58.7531623
2024-07-25 10:16:39,58.7435073
2024-07-25 10:16:41,58.7351417
2024-07-25 10:16:42,58.7276573
2024-07-25 10:16:43,58.7270431
2024-07-25 10:16:44,58.7234001
2024-07-25 10:16:45,58.736145
2024-07-25 10:16:46,58.73143
2024-07-25 10:16:48,58.7244911
2024-07-25 10:16:49,58.725872
2024-07-25 10:16:50,58.715393
2024-07-25 10:16:51,58.7226867
2024-07-25 10:16:52,58.7145805
2024-07-25 10:16:53,58.7058944
2024-07-25 10:16:55,58.697586
2024-07-25 10:16:56,58.6854858
2024-07-25 10:16:57,58.6785583
2024-07-25 10:16:58,58.6840324
2024-07-25 10:16:59,58.6780471
2024-07-25 10:17:00,58.6777877
2024-07-25 10:17:02,58.6812515
2024-07-25 10:17:03,58.6658744
2024-07-25 10:17:04,58.6704177
2024-07-25 10:17:05,58.6643638
2024-07-25 10:17:06,58.6532363
2024-07-25 10:17:07,58.6461677
2024-07-25 10:17:09,58.6374092
2024-07-25 10:17:10,58.6440734
2024-07-25 10:17:11,58.6410255
2024-07-25 10:17:12,58.6341552
2024-07-25 10:17:13,58.6388168
2024-07-25 10:17:14,58.6344261
2024-07-25 10:17:16,58.6370582
2024-07-25 10:17:17,58.6405067
2024-07-25 10:17:18,58.635643
2024-07-25 10:17:19,58.6386718
2024-07-25 10:17:20,58.6210899
2024-07-25 10:17:21,58.6138839
2024-07-25 10:17:23,58.6020927
2024-07-25 10:17:24,58.6173858
2024-07-25 10:17:25,58.5986442
2024-07-25 10:17:26,58.6029205
2024-07-25 10:17:27,58.5893745
2024-07-25 10:17:28,58.5835494
2024-07-25 10:17:30,58.5837326
2024-07-25 10:17:31,58.5844383
2024-07-25 10:17:32,58.567852
2024-07-25 10:17:33,58.5621185
2024-07-25 10:17:34,58.5614776
2024-07-25 10:17:36,58.5498046
2024-07-25 10:17:37,58.5503463
2024-07-25 10:17:38,58.5506668
2024-07-25 10:17:39,58.5483016
2024-07-25 10:17:40,58.5392456
2024-07-25 10:17:41,58.5281105
2024-07-25 10:17:43,58.5325889
2024-07-25 10:17:44,58.5162124
2024-07-25 10:17:45,58.510025
2024-07-25 10:17:46,58.5047836
2024-07-25 10:17:47,58.5096015
2024-07-25 10:17:48,58.5021057
2024-07-25 10:17:50,58.5033073
2024-07-25 10:17:51,58.4914932
2024-07-25 10:17:52,58.495449
2024-07-25 10:17:53,58.4805717
2024-07-25 10:17:54,58.4754638
2024-07-25 10:17:55,58.4816627
2024-07-25 10:17:57,58.4676094
2024-07-25 10:17:58,58.463581
2024-07-25 10:17:59,58.4632377
2024-07-25 10:18:00,58.4642829
2024-07-25 10:18:01,58.4631042
2024-07-25 10:18:02,58.4665908
2024-07-25 10:18:04,58.4639396
2024-07-25 10:18:05,58.449459
2024-07-25 10:18:06,58.4500732
2024-07-25 10:18:07,58.4534225
2024-07-25 10:18:08,58.4394187
2024-07-25 10:18:09,58.4224128
2024-07-25 10:18:11,58.4154777
2024-07-25 10:18:12,58.4123268
2024-07-25 10:18:13,58.4110984
2024-07-25 10:18:14,58.3964424
2024-07-25 10:18:15,58.3952102
2024-07-25 10:18:16,58.3927612
2024-07-25 10:18:18,58.3884239
2024-07-25 10:18:19,58.3856315
2024-07-25 10:18:20,58.3950996
2024-07-25 10:18:21,58.3827896
2024-07-25 10:18:22,58.3790779
2024-07-25 10:18:23,58.3593902
2024-07-25 10:18:25,58.3618392
2024-07-25 10:18:26,58.3594398
2024-07-25 10:18:27,58.3678627
2024-07-25 10:18:28,58.3515586
2024-07-25 10:18:29,58.3505401
2024-07-25 10:18:30,58.3446273
2024-07-25 10:18:32,58.3413162
2024-07-25 10:18:33,58.3337402
2024-07-25 10:18:34,58.316864
2024-07-25 10:18:35,58.3208808
2024-07-25 10:18:36,58.3131408
2024-07-25 10:18:38,58.3109893
2024-07-25 10:18:39,58.3170661
2024-07-25 10:18:40,58.3056793
2024-07-25 10:18:41,58.296379
2024-07-25 10:18:42,58.2782173
2024-07-25 10:18:43,58.2775993
2024-07-25 10:18:45,58.2581825
2024-07-25 10:18:46,58.2659263
2024-07-25 10:18:47,58.2622718
2024-07-25 10:18:48,58.2613487
2024-07-25 10:18:49,58.2659263
2024-07-25 10:18:50,58.255867
2024-07-25 10:18:52,58.2579727
2024-07-25 10:18:53,58.253334
2024-07-25 10:18:54,58.2508926
2024-07-25 10:18:55,58.2545318
2024-07-25 10:18:56,58.248291
2024-07-25 10:18:57,58.2375373
2024-07-25 10:18:59,58.2462158
2024-07-25 10:19:00,58.2630233
2024-07-25 10:19:01,58.2470855
2024-07-25 10:19:02,58.2426452
2024-07-25 10:19:03,58.2329559
2024-07-25 10:19:04,58.2381973
2024-07-25 10:19:06,58.2306823
2024-07-25 10:19:07,58.2276153
2024-07-25 10:19:08,58.2324752
2024-07-25 10:19:09,58.2237586
2024-07-25 10:19:10,58.2197151
2024-07-25 10:19:11,58.1912574
2024-07-25 10:19:13,58.1928749
2024-07-25 10:19:14,58.1839294
2024-07-25 10:19:15,58.1892776
2024-07-25 10:19:16,58.1704063
2024-07-25 10:19:17,58.1745452
2024-07-25 10:19:18,58.1717987
2024-07-25 10:19:20,58.1612472
2024-07-25 10:19:21,58.1623764
2024-07-25 10:19:22,58.1646347
2024-07-25 10:19:23,58.1562652
2024-07-25 10:19:24,58.1547546
2024-07-25 10:19:25,58.1401481
2024-07-25 10:19:27,58.1438331
2024-07-25 10:19:28,58.1406669
2024-07-25 10:19:29,58.1306686
2024-07-25 10:19:30,58.1297073
2024-07-25 10:19:31,58.1357078
2024-07-25 10:19:32,58.1291885
2024-07-25 10:19:34,58.1249313
2024-07-25 10:19:35,58.1226768
2024-07-25 10:19:36,58.1291809
2024-07-25 10:19:37,58.1334991
2024-07-25 10:19:38,58.116249
2024-07-25 10:19:39,58.1160354
2024-07-25 10:19:41,58.1066055
2024-07-25 10:19:42,58.107666
2024-07-25 10:19:43,58.1063728
2024-07-25 10:19:44,58.1077842
2024-07-25 10:19:45,58.0948104
2024-07-25 10:19:47,58.0866508
2024-07-25 10:19:48,58.0863914
2024-07-25 10:19:49,58.0758666
2024-07-25 10:19:50,58.0699691
2024-07-25 10:19:51,58.0670967
2024-07-25 10:19:52,58.0662422
2024-07-25 10:19:54,58.0625686
2024-07-25 10:19:55,58.0635108
2024-07-25 10:19:56,58.0719413
2024-07-25 10:19:57,58.0740203
2024-07-25 10:19:58,58.0615425
2024-07-25 10:19:59,58.0565071
2024-07-25 10:20:01,58.0562896
2024-07-25 10:20:02,58.0383758
2024-07-25 10:20:03,58.0543708
2024-07-25 10:20:04,58.0484199
2024-07-25 10:20:05,58.0459938
2024-07-25 10:20:06,58.0361404
2024-07-25 10:20:08,58.0423851
2024-07-25 10:20:09,58.0385589
2024-07-25 10:20:10,58.028141
2024-07-25 10:20:11,58.0232658
2024-07-25 10:20:12,58.022541
2024-07-25 10:20:13,58.0066604
2024-07-25 10:20:15,58.0114479
2024-07-25 10:20:16,58.0034561
2024-07-25 10:20:17,58.0053672
2024-07-25 10:20:18,57.9925003
2024-07-25 10:20:19,57.9961891
2024-07-25 10:20:20,57.9938926
2024-07-25 10:20:22,57.9801177
2024-07-25 10:20:23,57.9871368
2024-07-25 10:20:24,57.9886932
2024-07-25 10:20:25,57.9866981
2024-07-25 10:20:26,58.0008811
2024-07-25 10:20:27,57.986103
2024-07-25 10:20:29,57.9900627
2024-07-25 10:20:30,57.978424
2024-07-25 10:20:31,57.976757
2024-07-25 10:20:32,57.9727134
2024-07-25 10:20:33,57.9595642
2024-07-25 10:20:34,57.9495124
2024-07-25 10:20:36,57.9475288
2024-07-25 10:20:37,57.9458045
2024-07-25 10:20:38,57.9439506
2024-07-25 10:20:39,57.9358825
2024-07-25 10:20:40,57.931427
2024-07-25 10:20:41,57.9362792
2024-07-25 10:20:43,57.9252319
2024-07-25 10:20:44,57.9215545
2024-07-25 10:20:45,57.9280166
2024-07-25 10:20:46,57.9142189
2024-07-25 10:20:47,57.9089775
2024-07-25 10:20:49,57.9027442
2024-07-25 10:20:50,57.9015846
2024-07-25 10:20:51,57.9001426
2024-07-25 10:20:52,57.8907394
2024-07-25 10:20:53,57.8933677
2024-07-25 10:20:54,57.8848991
2024-07-25 10:20:56,57.8826751
2024-07-25 10:20:57,57.8823089
2024-07-25 10:20:58,57.8769874
2024-07-25 10:20:59,57.8726043
2024-07-25 10:21:00,57.8828048
2024-07-25 10:21:01,57.8667869
2024-07-25 10:21:03,57.8502731
2024-07-25 10:21:04,57.849678
2024-07-25 10:21:05,57.8497505
2024-07-25 10:21:06,57.8548278
2024-07-25 10:21:07,57.8638305
2024-07-25 10:21:08,57.855236
2024-07-25 10:21:10,57.8551826
2024-07-25 10:21:11,57.8518409
2024-07-25 10:21:12,57.8513603
2024-07-25 10:21:13,57.8378028
2024-07-25 10:21:14,57.8317489
2024-07-25 10:21:15,57.830101
2024-07-25 10:21:17,57.828823
2024-07-25 10:21:18,57.8182067
2024-07-25 10:21:19,57.8201103
2024-07-25 10:21:20,57.822071
2024-07-25 10:21:21,57.8232765
2024-07-25 10:21:22,57.8170509
2024-07-25 10:21:24,57.8175277
2024-07-25 10:21:25,57.8164329
2024-07-25 10:21:26,57.8232955
2024-07-25 10:21:27,57.8207168
2024-07-25 10:21:28,57.8051033
2024-07-25 10:21:29,57.7985687
2024-07-25 10:21:31,57.7927246
2024-07-25 10:21:32,57.795391
2024-07-25 10:21:33,57.7996711
2024-07-25 10:21:34,57.7938346
2024-07-25 10:21:35,57.7871551
2024-07-25 10:21:36,57.7935714
2024-07-25 10:21:38,57.7867698
2024-07-25 10:21:39,57.7707366
2024-07-25 10:21:40,57.771389
2024-07-25 10:21:41,57.7762718
2024-07-25 10:21:42,57.7648849
2024-07-25 10:21:43,57.7598762
2024-07-25 10:21:45,57.7676429
2024-07-25 10:21:46,57.763504
2024-07-25 10:21:47,57.7601394
2024-07-25 10:21:48,57.7485733
2024-07-25 10:21:49,57.7579612
2024-07-25 10:21:50,57.7617797
2024-07-25 10:21:52,57.7476348
2024-07-25 10:21:53,57.7493705
2024-07-25 10:21:54,57.7389297
2024-07-25 10:21:55,57.7366142
2024-07-25 10:21:56,57.722229
2024-07-25 10:21:58,57.7233695
2024-07-25 10:21:59,57.7177581
2024-07-25 10:22:00,57.7121925
2024-07-25 10:22:01,57.7078285
2024-07-25 10:22:02,57.7095756
2024-07-25 10:22:03,57.7072601
2024-07-25 10:22:05,57.7042655
2024-07-25 10:22:06,57.6997833
2024-07-25 10:22:07,57.7043457
2024-07-25 10:22:08,57.7091941
2024-07-25 10:22:09,57.6881523
2024-07-25 10:22:10,57.6864204
2024-07-25 10:22:12,57.6937561
2024-07-25 10:22:13,57.6808242
2024-07-25 10:22:14,57.666809
2024-07-25 10:22:15,57.6702995
2024-07-25 10:22:16,57.6813926
2024-07-25 10:22:17,57.6602439
2024-07-25 10:22:19,57.657299
2024-07-25 10:22:20,57.6589813
2024-07-25 10:22:21,57.6647148
2024-07-25 10:22:22,57.6560478
2024-07-25 10:22:23,57.6526222
2024-07-25 10:22:24,57.6529808
2024-07-25 10:22:26,57.6465873
2024-07-25 10:22:27,57.6380844
2024-07-25 10:22:28,57.6427421
2024-07-25 10:22:29,57.6396751
2024-07-25 10:22:30,57.6238441
2024-07-25 10:22:31,57.6161422
2024-07-25 10:22:33,57.6099586
2024-07-25 10:22:34,57.6086006
2024-07-25 10:22:35,57.5955047
2024-07-25 10:22:36,57.6002044
2024-07-25 10:22:37,57.5879821
2024-07-25 10:22:38,57.5899391
2024-07-25 10:22:40,57.6031837
2024-07-25 10:22:41,57.5948143
2024-07-25 10:22:42,57.5870628
2024-07-25 10:22:43,57.5817718
2024-07-25 10:22:44,57.5830574
2024-07-25 10:22:45,57.572422
2024-07-25 10:22:47,57.5706596
2024-07-25 10:22:48,57.5710563
2024-07-25 10:22:49,57.5731849
2024-07-25 10:22:50,57.576477
2024-07-25 10:22:51,57.5673332
2024-07-25 10:22:52,57.5746345
2024-07-25 10:22:54,57.5792655
2024-07-25 10:22:55,57.5723228
2024-07-25 10:22:56,57.5579872
2024-07-25 10:22:57,57.5572547
2024-07-25 10:22:58,57.5536155
2024-07-25 10:23:00,57.5433197
2024-07-25 10:23:01,57.5334777
2024-07-25 10:23:02,57.5349311
2024-07-25 10:23:03,57.5261802
2024-07-25 10:23:04,57.5183372
2024-07-25 10:23:05,57.5082015
2024-07-25 10:23:07,57.5168495
2024-07-25 10:23:08,57.5083694
2024-07-25 10:23:09,57.5007019
2024-07-25 10:23:10,57.4954795
2024-07-25 10:23:11,57.4996414
2024-07-25 10:23:12,57.4971733
2024-07-25 10:23:14,57.5023384
2024-07-25 10:23:15,57.4991569
2024-07-25 10:23:16,57.496067
2024-07-25 10:23:17,57.4810371
2024-07-25 10:23:18,57.478794
2024-07-25 10:23:19,57.4715232
2024-07-25 10:23:21,57.4654693
2024-07-25 10:23:22,57.4709472
2024-07-25 10:23:23,57.4687881
2024-07-25 10:23:24,57.4721488
2024-07-25 10:23:25,57.4570922
2024-07-25 10:23:26,57.4591712
2024-07-25 10:23:28,57.4510307
2024-07-25 10:23:29,57.4474678
2024-07-25 10:23:30,57.4494056
2024-07-25 10:23:31,57.4407005
2024-07-25 10:23:32,57.4475212
2024-07-25 10:23:33,57.4441757
2024-07-25 10:23:35,57.4439086
2024-07-25 10:23:36,57.4390258
2024-07-25 10:23:37,57.4262657
2024-07-25 10:23:38,57.4317398
2024-07-25 10:23:39,57.4217262
2024-07-25 10:23:40,57.4269294
2024-07-25 10:23:42,57.4313278
2024-07-25 10:23:43,57.4105949
2024-07-25 10:23:44,57.4138641
2024-07-25 10:23:45,57.4094924
2024-07-25 10:23:46,57.4045486
2024-07-25 10:23:47,57.4027404
2024-07-25 10:23:49,57.4170646
2024-07-25 10:23:50,57.4150924
2024-07-25 10:23:51,57.4113082
2024-07-25 10:23:52,57.404335
2024-07-25 10:23:53,57.4016571
2024-07-25 10:23:55,57.3902397
2024-07-25 10:23:56,57.401268
2024-07-25 10:23:57,57.397335
2024-07-25 10:23:58,57.3864288
2024-07-25 10:23:59,57.387516
2024-07-25 10:24:00,57.3883514
2024-07-25 10:24:02,57.3820381
2024-07-25 10:24:03,57.3788986
2024-07-25 10:24:04,57.3690109
2024-07-25 10:24:05,57.3546981
2024-07-25 10:24:06,57.3552398
2024-07-25 10:24:07,57.3535079
2024-07-25 10:24:09,57.3522262
2024-07-25 10:24:10,57.3426589
2024-07-25 10:24:11,57.3511047
2024-07-25 10:24:12,57.3463401
2024-07-25 10:24:13,57.3458633
2024-07-25 10:24:14,57.3369407
2024-07-25 10:24:16,57.3398017
2024-07-25 10:24:17,57.3406829
2024-07-25 10:24:18,57.3353157
2024-07-25 10:24:19,57.3284454
2024-07-25 10:24:20,57.3233108
2024-07-25 10:24:21,57.3272323
2024-07-25 10:24:23,57.3227615
2024-07-25 10:24:24,57.3168411
2024-07-25 10:24:25,57.3072052
2024-07-25 10:24:26,57.3024444
2024-07-25 10:24:27,57.3054122
2024-07-25 10:24:28,57.3049583
2024-07-25 10:24:30,57.3036918
2024-07-25 10:24:31,57.297264
2024-07-25 10:24:32,57.2930755
2024-07-25 10:24:33,57.292469
2024-07-25 10:24:34,57.2919616
2024-07-25 10:24:35,57.2802658
2024-07-25 10:24:37,57.2850418
2024-07-25 10:24:38,57.2796249
2024-07-25 10:24:39,57.2810974
2024-07-25 10:24:40,57.2756538
2024-07-25 10:24:41,57.2646522
2024-07-25 10:24:42,57.2622451
2024-07-25 10:24:44,57.2586135
2024-07-25 10:24:45,57.2596015
2024-07-25 10:24:46,57.255825
2024-07-25 10:24:47,57.2617187
2024-07-25 10:24:48,57.2529144
2024-07-25 10:24:49,57.2608146
2024-07-25 10:24:51,57.2584724
2024-07-25 10:24:52,57.2542228
2024-07-25 10:24:53,57.2415275
2024-07-25 10:24:54,57.2503814
2024-07-25 10:24:55,57.2413139
2024-07-25 10:24:57,57.2405891
2024-07-25 10:24:58,57.2387619
2024-07-25 10:24:59,57.2244567
2024-07-25 10:25:00,57.2068252
2024-07-25 10:25:01,57.2089958
2024-07-25 10:25:02,57.2067489
2024-07-25 10:25:04,57.217884
2024-07-25 10:25:05,57.2088928
2024-07-25 10:25:06,57.2047538
2024-07-25 10:25:07,57.2038192
2024-07-25 10:25:08,57.2065353
2024-07-25 10:25:09,57.1980171
2024-07-25 10:25:11,57.1966018
2024-07-25 10:25:12,57.1956291
2024-07-25 10:25:13,57.19981
2024-07-25 10:25:14,57.2030677
2024-07-25 10:25:15,57.1909942
2024-07-25 10:25:16,57.1945953
2024-07-25 10:25:18,57.196968
2024-07-25 10:25:19,57.1932487
2024-07-25 10:25:20,57.1967582
2024-07-25 10:25:21,57.1974372
2024-07-25 10:25:22,57.1818923
2024-07-25 10:25:23,57.1810417
2024-07-25 10:25:25,57.1757278
2024-07-25 10:25:26,57.1706504
2024-07-25 10:25:27,57.1650009
2024-07-25 10:25:28,57.155014
2024-07-25 10:25:29,57.1622543
2024-07-25 10:25:30,57.1649627
2024-07-25 10:25:32,57.1670799
2024-07-25 10:25:33,57.1498947
2024-07-25 10:25:34,57.1578369
2024-07-25 10:25:35,57.1601142
2024-07-25 10:25:36,57.1603622
2024-07-25 10:25:37,57.1477851
2024-07-25 10:25:39,57.1543655
2024-07-25 10:25:40,57.1389656
2024-07-25 10:25:41,57.1597557
2024-07-25 10:25:42,57.1385154
2024-07-25 10:25:43,57.1416625
2024-07-25 10:25:45,57.1486015
2024-07-25 10:25:46,57.1373367
2024-07-25 10:25:47,57.1288185
2024-07-25 10:25:48,57.1257438
2024-07-25 10:25:49,57.1256675
2024-07-25 10:25:50,57.1363906
2024-07-25 10:25:52,57.1246223
2024-07-25 10:25:53,57.11763
2024-07-25 10:25:54,57.1113433
2024-07-25 10:25:55,57.1215705
2024-07-25 10:25:56,57.121334
2024-07-25 10:25:57,57.1188278
2024-07-25 10:25:59,57.1217346
2024-07-25 10:26:00,57.1263008
2024-07-25 10:26:01,57.1143341
2024-07-25 10:26:02,57.1201095
2024-07-25 10:26:03,57.1134338
2024-07-25 10:26:04,57.1250152
2024-07-25 10:26:06,57.1209068
2024-07-25 10:26:07,57.106533
2024-07-25 10:26:08,57.1039123
2024-07-25 10:26:09,57.1038665
2024-07-25 10:26:10,57.1075477
2024-07-25 10:26:11,57.1001968
2024-07-25 10:26:13,57.0931053
2024-07-25 10:26:14,57.077835
2024-07-25 10:26:15,57.083065
2024-07-25 10:26:16,57.0918083
2024-07-25 10:26:17,57.0866394
2024-07-25 10:26:18,57.0885276
2024-07-25 10:26:20,57.0924072
2024-07-25 10:26:21,57.0859375
2024-07-25 10:26:22,57.0869827
2024-07-25 10:26:23,57.0837326
2024-07-25 10:26:24,57.0611686
2024-07-25 10:26:25,57.0655975
2024-07-25 10:26:27,57.069252
2024-07-25 10:26:28,57.0680236
2024-07-25 10:26:29,57.0632934
2024-07-25 10:26:30,57.0471153
2024-07-25 10:26:31,57.0596618
2024-07-25 10:26:32,57.0594215
2024-07-25 10:26:34,57.0601577
2024-07-25 10:26:35,57.0737876
2024-07-25 10:26:36,57.0664176
2024-07-25 10:26:37,57.069477
2024-07-25 10:26:38,57.0594673
2024-07-25 10:26:40,57.0609664
2024-07-25 10:26:41,57.0572128
2024-07-25 10:26:42,57.0504264
2024-07-25 10:26:43,57.0560646
2024-07-25 10:26:44,57.0557289
2024-07-25 10:26:45,57.0430488
2024-07-25 10:26:47,57.0373115
2024-07-25 10:26:48,57.0366859
2024-07-25 10:26:49,57.0207214
2024-07-25 10:26:50,57.023796
2024-07-25 10:26:51,57.0302848
2024-07-25 10:26:52,57.0294151
2024-07-25 10:26:54,57.0209312
2024-07-25 10:26:55,57.0270614
2024-07-25 10:26:56,57.0187492
2024-07-25 10:26:57,57.0237121
2024-07-25 10:26:58,57.0110321
2024-07-25 10:26:59,57.0135993
2024-07-25 10:27:01,57.0037498
2024-07-25 10:27:02,57.0079498
2024-07-25 10:27:03,57.0122795
2024-07-25 10:27:04,57.0059165
2024-07-25 10:27:05,57.002079
2024-07-25 10:27:06,56.9940681
2024-07-25 10:27:08,56.9984588
2024-07-25 10:27:09,56.9978828
2024-07-25 10:27:10,57.0025978
2024-07-25 10:27:11,56.9905204
2024-07-25 10:27:12,56.9990844
2024-07-25 10:27:13,56.9909706
2024-07-25 10:27:15,56.994667
2024-07-25 10:27:16,56.9926147
2024-07-25 10:27:17,56.9964828
2024-07-25 10:27:18,56.9954414
2024-07-25 10:27:19,56.9966125
2024-07-25 10:27:20,56.9859924
2024-07-25 10:27:22,56.9820175
2024-07-25 10:27:23,56.9867515
2024-07-25 10:27:24,56.9890823
2024-07-25 10:27:25,56.9885215
2024-07-25 10:27:26,56.9784622
2024-07-25 10:27:27,56.966854
2024-07-25 10:27:29,56.9725837
2024-07-25 10:27:30,56.9678649
2024-07-25 10:27:31,56.9693832
2024-07-25 10:27:32,56.9653816
2024-07-25 10:27:33,56.9637222
2024-07-25 10:27:35,56.9578666
2024-07-25 10:27:36,56.9557991
2024-07-25 10:27:37,56.9565544
2024-07-25 10:27:38,56.9545288
2024-07-25 10:27:39,56.951683
2024-07-25 10:27:40,56.9504547
2024-07-25 10:27:42,56.9444999
2024-07-25 10:27:43,56.9515953
2024-07-25 10:27:44,56.9426231
2024-07-25 10:27:45,56.9371147
2024-07-25 10:27:46,56.9500274
2024-07-25 10:27:47,56.9380607
2024-07-25 10:27:49,56.9531517
2024-07-25 10:27:50,56.9393081
2024-07-25 10:27:51,56.9428291
2024-07-25 10:27:52,56.9409751
2024-07-25 10:27:53,56.9360275
2024-07-25 10:27:54,56.9357376
2024-07-25 10:27:56,56.9341812
2024-07-25 10:27:57,56.9213256
2024-07-25 10:27:58,56.9107284
2024-07-25 10:27:59,56.9138031
2024-07-25 10:28:00,56.9088745
2024-07-25 10:28:01,56.9063186
2024-07-25 10:28:03,56.904026
2024-07-25 10:28:04,56.904663
2024-07-25 10:28:05,56.9097671
2024-07-25 10:28:06,56.902153
2024-07-25 10:28:07,56.9114875
2024-07-25 10:28:08,56.9088859
2024-07-25 10:28:10,56.9137611
2024-07-25 10:28:11,56.9052619
2024-07-25 10:28:12,56.9012985
2024-07-25 10:28:13,56.8899307
2024-07-25 10:28:14,56.8937873
2024-07-25 10:28:15,56.8957824
2024-07-25 10:28:17,56.8877563
2024-07-25 10:28:18,56.8956909
2024-07-25 10:28:19,56.88665
2024-07-25 10:28:20,56.8920288
2024-07-25 10:28:21,56.9011688
2024-07-25 10:28:22,56.8862609
2024-07-25 10:28:24,56.879795
2024-07-25 10:28:25,56.8931694
2024-07-25 10:28:26,56.8958587
2024-07-25 10:28:27,56.8832435
2024-07-25 10:28:28,56.8973884
2024-07-25 10:28:30,56.895359
2024-07-25 10:28:31,56.8980636
2024-07-25 10:28:32,56.8866271
2024-07-25 10:28:33,56.8854293
2024-07-25 10:28:34,56.8845939
2024-07-25 10:28:35,56.8864517
2024-07-25 10:28:37,56.883728
2024-07-25 10:28:38,56.8824958
2024-07-25 10:28:39,56.8737602
2024-07-25 10:28:40,56.8679237
2024-07-25 10:28:41,56.8629302
2024-07-25 10:28:42,56.8532142
2024-07-25 10:28:44,56.8412513
2024-07-25 10:28:45,56.8413848
2024-07-25 10:28:46,56.8446159
2024-07-25 10:28:47,56.8387832
2024-07-25 10:28:48,56.832962
2024-07-25 10:28:49,56.8400421
2024-07-25 10:28:51,56.8367042
2024-07-25 10:28:52,56.8368873
2024-07-25 10:28:53,56.8378601
2024-07-25 10:28:54,56.8452606
2024-07-25 10:28:55,56.8331108
2024-07-25 10:28:56,56.823925
2024-07-25 10:28:58,56.8236389
2024-07-25 10:28:59,56.8218803
2024-07-25 10:29:00,56.8332595
2024-07-25 10:29:01,56.8331336
2024-07-25 10:29:02,56.8410377
2024-07-25 10:29:03,56.8473205
2024-07-25 10:29:05,56.8385925
2024-07-25 10:29:06,56.8406982
2024-07-25 10:29:07,56.8352127
2024-07-25 10:29:08,56.8227043
2024-07-25 10:29:09,56.8241996
2024-07-25 10:29:10,56.8226509
2024-07-25 10:29:12,56.8115272
2024-07-25 10:29:13,56.815216
2024-07-25 10:29:14,56.8040809
2024-07-25 10:29:15,56.8049812
2024-07-25 10:29:16,56.790802
2024-07-25 10:29:17,56.7924499
2024-07-25 10:29:19,56.8016777
2024-07-25 10:29:20,56.8000259
2024-07-25 10:29:21,56.7923927
2024-07-25 10:29:22,56.7830657
2024-07-25 10:29:23,56.7815322
2024-07-25 10:29:24,56.7893753
2024-07-25 10:29:26,56.7767486
2024-07-25 10:29:27,56.7724227
2024-07-25 10:29:28,56.7660026
2024-07-25 10:29:29,56.7640304
2024-07-25 10:29:30,56.764923
2024-07-25 10:29:31,56.7752151
2024-07-25 10:29:33,56.7734489
2024-07-25 10:29:34,56.7671508
2024-07-25 10:29:35,56.7596969
2024-07-25 10:29:36,56.7569656
2024-07-25 10:29:37,56.7623672
2024-07-25 10:29:39,56.7476959
2024-07-25 10:29:40,56.7503166
2024-07-25 10:29:41,56.7379951
2024-07-25 10:29:42,56.7545738
2024-07-25 10:29:43,56.7320098
2024-07-25 10:29:44,56.7307052
2024-07-25 10:29:46,56.7347526
2024-07-25 10:29:47,56.7335319
2024-07-25 10:29:48,56.7354583
2024-07-25 10:29:49,56.7122611
2024-07-25 10:29:50,56.7326049
2024-07-25 10:29:51,56.7400894
2024-07-25 10:29:53,56.7331771
2024-07-25 10:29:54,56.7308197
2024-07-25 10:29:55,56.7215728
2024-07-25 10:29:56,56.7181739
2024-07-25 10:29:57,56.7203254
2024-07-25 10:29:58,56.7233276
2024-07-25 10:30:00,56.7283058
2024-07-25 10:30:01,56.7316207
2024-07-25 10:30:02,56.7271194
2024-07-25 10:30:03,56.7198753
2024-07-25 10:30:04,56.7201614
2024-07-25 10:30:05,56.7166671
2024-07-25 10:30:07,56.7177467
2024-07-25 10:30:08,56.692295
2024-07-25 10:30:09,56.6942596
2024-07-25 10:30:10,56.6970977
2024-07-25 10:30:11,56.6890296
2024-07-25 10:30:12,56.6971702
2024-07-25 10:30:14,56.6960372
2024-07-25 10:30:15,56.6865539
2024-07-25 10:30:16,56.6778182
2024-07-25 10:30:17,56.6913871
2024-07-25 10:30:18,56.6862297
2024-07-25 10:30:20,56.6905517
2024-07-25 10:30:21,56.6898841
2024-07-25 10:30:22,56.6798248
2024-07-25 10:30:23,56.678009
2024-07-25 10:30:24,56.674282
2024-07-25 10:30:25,56.6719894
2024-07-25 10:30:27,56.672367
2024-07-25 10:30:28,56.6771888
2024-07-25 10:30:29,56.6727371
2024-07-25 10:30:30,56.6694602
2024-07-25 10:30:31,56.6716308
2024-07-25 10:30:32,56.665493
2024-07-25 10:30:34,56.663906
2024-07-25 10:30:35,56.6691856
2024-07-25 10:30:36,56.6602249
2024-07-25 10:30:37,56.6545104
2024-07-25 10:30:38,56.6451187
2024-07-25 10:30:39,56.6396636
2024-07-25 10:30:41,56.6298789
2024-07-25 10:30:42,56.624897
2024-07-25 10:30:43,56.6325149
2024-07-25 10:30:44,56.6378021
2024-07-25 10:30:45,56.6431236
2024-07-25 10:30:46,56.6388473
2024-07-25 10:30:48,56.6473655
2024-07-25 10:30:49,56.6473464
2024-07-25 10:30:50,56.6444511
2024-07-25 10:30:51,56.6463623
2024-07-25 10:30:52,56.6490974
2024-07-25 10:30:53,56.6485099
2024-07-25 10:30:55,56.6546859
2024-07-25 10:30:56,56.6469192
2024-07-25 10:30:57,56.6490478
2024-07-25 10:30:58,56.647377
2024-07-25 10:30:59,56.6446685
2024-07-25 10:31:00,56.6394081
2024-07-25 10:31:02,56.6475715
2024-07-25 10:31:03,56.6456604
2024-07-25 10:31:04,56.6393814
2024-07-25 10:31:05,56.6467666
2024-07-25 10:31:06,56.6389312
2024-07-25 10:31:07,56.629467
2024-07-25 10:31:09,56.6271629
2024-07-25 10:31:10,56.6297531
2024-07-25 10:31:11,56.6340484
2024-07-25 10:31:12,56.6273422
2024-07-25 10:31:13,56.6309356
2024-07-25 10:31:14,56.6380386
2024-07-25 10:31:16,56.6336784
2024-07-25 10:31:17,56.6404228
2024-07-25 10:31:18,56.6321372
2024-07-25 10:31:19,56.6349029
2024-07-25 10:31:20,56.6279563
2024-07-25 10:31:21,56.6270904
2024-07-25 10:31:23,56.6352005
2024-07-25 10:31:24,56.634037
2024-07-25 10:31:25,56.6277198
2024-07-25 10:31:26,56.6304435
2024-07-25 10:31:27,56.6430053
2024-07-25 10:31:29,56.6379432
2024-07-25 10:31:30,56.6338806
2024-07-25 10:31:31,56.6198921
2024-07-25 10:31:32,56.6165962
2024-07-25 10:31:33,56.622116
2024-07-25 10:31:34,56.6219596
2024-07-25 10:31:36,56.6155853
2024-07-25 10:31:37,56.6025238
2024-07-25 10:31:38,56.604187
2024-07-25 10:31:39,56.6060829
2024-07-25 10:31:40,56.5990905
2024-07-25 10:31:41,56.5962371
2024-07-25 10:31:43,56.6064643
2024-07-25 10:31:44,56.5902061
2024-07-25 10:31:45,56.5952224
2024-07-25 10:31:46,56.5951271
2024-07-25 10:31:47,56.5919647
2024-07-25 10:31:48,56.6130752
2024-07-25 10:31:50,56.6098823
2024-07-25 10:31:51,56.5968208
2024-07-25 10:31:52,56.6009216
2024-07-25 10:31:53,56.5966453
2024-07-25 10:31:54,56.5994949
2024-07-25 10:31:55,56.5874099
2024-07-25 10:31:57,56.5937385
2024-07-25 10:31:58,56.5749397
2024-07-25 10:31:59,56.5715179
2024-07-25 10:32:00,56.5639648
2024-07-25 10:32:01,56.574562
2024-07-25 10:32:02,56.5710105
2024-07-25 10:32:04,56.5697021
2024-07-25 10:32:05,56.5710105
2024-07-25 10:32:06,56.5724563
2024-07-25 10:32:07,56.5628356
2024-07-25 10:32:08,56.5727691
2024-07-25 10:32:09,56.563694
2024-07-25 10:32:11,56.5622215
2024-07-25 10:32:12,56.5740127
2024-07-25 10:32:13,56.5667228
2024-07-25 10:32:14,56.5672416
2024-07-25 10:32:15,56.565834
2024-07-25 10:32:16,56.5710449
2024-07-25 10:32:18,56.565792
2024-07-25 10:32:19,56.5702209
2024-07-25 10:32:20,56.5457191
2024-07-25 10:32:21,56.5448379
2024-07-25 10:32:22,56.5498352
2024-07-25 10:32:23,56.5650711
2024-07-25 10:32:25,56.5657081
2024-07-25 10:32:26,56.5686836
2024-07-25 10:32:27,56.567955
2024-07-25 10:32:28,56.5625419
2024-07-25 10:32:29,56.5661506
2024-07-25 10:32:30,56.5607643
2024-07-25 10:32:32,56.5604896
2024-07-25 10:32:33,56.553852
2024-07-25 10:32:34,56.553646
2024-07-25 10:32:35,56.5580558
2024-07-25 10:32:36,56.5407333
2024-07-25 10:32:38,56.5426559
2024-07-25 10:32:39,56.5504035
2024-07-25 10:32:40,56.5489196
2024-07-25 10:32:41,56.5403289
2024-07-25 10:32:42,56.5363235
2024-07-25 10:32:43,56.5291671
2024-07-25 10:32:45,56.5279388
2024-07-25 10:32:46,56.5471153
2024-07-25 10:32:47,56.5337867
2024-07-25 10:32:48,56.5318679
2024-07-25 10:32:49,56.5273628
2024-07-25 10:32:50,56.5232276
2024-07-25 10:32:52,56.5356674
2024-07-25 10:32:53,56.5379753
2024-07-25 10:32:54,56.5335693
2024-07-25 10:32:55,56.5164794
2024-07-25 10:32:56,56.5218734
2024-07-25 10:32:57,56.5224533
2024-07-25 10:32:59,56.5337944
2024-07-25 10:33:00,56.5188026
2024-07-25 10:33:01,56.5212669
2024-07-25 10:33:02,56.5274887
2024-07-25 10:33:03,56.5210571
2024-07-25 10:33:04,56.501049
2024-07-25 10:33:06,56.5133171
2024-07-25 10:33:07,56.5001792
2024-07-25 10:33:08,56.4887237
2024-07-25 10:33:09,56.4822311
2024-07-25 10:33:10,56.4860076
2024-07-25 10:33:11,56.4981384
2024-07-25 10:33:13,56.4879417
2024-07-25 10:33:14,56.4907188
2024-07-25 10:33:15,56.4976158
2024-07-25 10:33:16,56.4955635
2024-07-25 10:33:17,56.5075569
2024-07-25 10:33:18,56.4945297
2024-07-25 10:33:20,56.4886436
2024-07-25 10:33:21,56.4890785
2024-07-25 10:33:22,56.4820709
2024-07-25 10:33:23,56.4713439
2024-07-25 10:33:24,56.4743843
2024-07-25 10:33:25,56.4668273
2024-07-25 10:33:27,56.4799995
2024-07-25 10:33:28,56.4658432
2024-07-25 10:33:29,56.4723663
2024-07-25 10:33:30,56.4808387
2024-07-25 10:33:31,56.4859237
2024-07-25 10:33:32,56.4869079
2024-07-25 10:33:34,56.489521
2024-07-25 10:33:35,56.4906082
2024-07-25 10:33:36,56.4913711
2024-07-25 10:33:37,56.4901237
2024-07-25 10:33:38,56.4884033
2024-07-25 10:33:39,56.4730377
2024-07-25 10:33:41,56.4609756
2024-07-25 10:33:42,56.4544372
2024-07-25 10:33:43,56.4685897
2024-07-25 10:33:44,56.4801254
2024-07-25 10:33:45,56.4769783
2024-07-25 10:33:47,56.4668388
2024-07-25 10:33:48,56.4690704
2024-07-25 10:33:49,56.4804687
2024-07-25 10:33:50,56.4633255
2024-07-25 10:33:51,56.4535102
2024-07-25 10:33:52,56.4545669
2024-07-25 10:33:54,56.4495925
